dataset,train_rows,test_rows,dims,n_trees,max_leaf_size,k,build_ms,build_ms_per_tree,save_ms,load_index_ms,index_bytes,eval_ms,eval_ms_per_sample,accuracy
mnist,60000,10000,784,5,5,5,4635.43,927.086,585.97,393.308,618224152,1015.96,0.101596,0.9395
mnist,60000,10000,784,5,10,5,4222.49,844.497,607.252,294.132,332886808,1281.52,0.128152,0.9452
mnist,60000,10000,784,5,20,5,3862.13,772.427,137.024,106.375,172916280,1431.09,0.143109,0.9488
mnist,60000,10000,784,10,5,5,8952.69,895.269,1205.09,693.555,1235091856,2001.74,0.200174,0.9546
mnist,60000,10000,784,10,10,5,7948.64,794.864,457.196,207.42,663436496,2248.84,0.224884,0.9599
mnist,60000,10000,784,10,20,5,7320.07,732.007,238.192,132.124,344979184,2700.76,0.270076,0.9595
mnist,60000,10000,784,20,5,5,18726.2,936.309,1855.59,1564.48,2470482944,4040.08,0.404008,0.9639
mnist,60000,10000,784,20,10,5,16327.4,816.368,928.08,661.778,1328878848,4561.04,0.456104,0.9647
mnist,60000,10000,784,20,20,5,14890.6,744.531,476.635,236.634,691671296,5341.64,0.534164,0.9653
